/404.html   /404   301
/about.html   /about   301
/aspartame.html   /aspartame   301
/contact.html   /contact   301
/events.html   /events   301
/faqs.html   /faqs   301
/favicons.html   /favicons   301
/get-involved.html   /get-involved   301
/index.html   /   301
/list-risks.html   /list-risks   301
/offline.html   /offline   301
/privacy.html   /privacy   301
/quiz.html   /quiz   301
/research.html   /research   301
/service.html   /service   301
/support.html   /support   301
/blogs/adhd.html   /blog/adhd   301
/blogs/alternatives.html   /blog/alternatives   301
/blogs/aspartame-side-effects.html   /blog/aspartame-side-effects   301
/blogs/aspartame.html   /blog/aspartame   301
/blogs/ban.html   /blog/ban   301
/blogs/carcinogenic.html   /blog/carcinogenic   301
/blogs/detox.html   /blog/detox   301
/blogs/diabetes.html   /blog/diabetes   301
/blogs/e951.html   /blog/e951   301
/blogs/gut-health.html   /blog/gut-health   301
/blogs/methanol.html   /blog/methanol   301
/blogs/phenylalanine.html   /blog/phenylalanine   301
/blogs/understanding.html   /blog/understanding   301
